"week","content_type","target_keyword","url","search_intent"
"1","money guide","is s9 game real","review","Primary ranking page"
"1","faq","how to use is s9 game real","faq","Question intent"
"2","update","is s9 game real latest update","updates","Freshness"
"2","support","Safety Checklist","safety/checklist","Problem solving"
"3","comparison","is s9 game real alternative","blog/ranking-review","Comparison intent"
"3","trust","is is s9 game real safe","blog/search-intent-map","Trust intent"
"4","local","is s9 game real pakistan","safety/red-flags","Regional intent"
"4","maintenance","S9 Trust Review Journal weekly check","blog/weekly-check","Update rhythm"
"5","long-tail article","is s9 game real real or fake checklist","blog/real-or-fake-checklist","Long-tail supporting page"
"5","long-tail article","is s9 game real safety red flags","blog/safety-red-flags","Long-tail supporting page"
"6","long-tail article","is s9 game real user claim review method","blog/user-claim-review-method","Long-tail supporting page"
"6","long-tail article","is s9 game real privacy risk notes","blog/privacy-risk-notes","Long-tail supporting page"
"7","long-tail article","is s9 game real payment proof guide","blog/payment-proof-guide","Long-tail supporting page"
"7","long-tail article","is s9 game real trust score method","blog/trust-score-method","Long-tail supporting page"
"8","weekly update","is s9 game real week 01 real or fake review","updates/week-01-real-or-fake-review","Freshness and maintenance page"
"8","weekly update","is s9 game real week 02 safety claim audit","updates/week-02-safety-claim-audit","Freshness and maintenance page"
"9","weekly update","is s9 game real week 03 red flag update","updates/week-03-red-flag-update","Freshness and maintenance page"
"9","weekly update","is s9 game real week 04 privacy note refresh","updates/week-04-privacy-note-refresh","Freshness and maintenance page"
"10","weekly update","is s9 game real week 05 payment proof review","updates/week-05-payment-proof-review","Freshness and maintenance page"
"10","weekly update","is s9 game real week 06 user claim method","updates/week-06-user-claim-method","Freshness and maintenance page"
"11","weekly update","is s9 game real week 07 trust score review","updates/week-07-trust-score-review","Freshness and maintenance page"
"11","weekly update","is s9 game real week 08 evidence log audit","updates/week-08-evidence-log-audit","Freshness and maintenance page"
"12","weekly update","is s9 game real week 09 faq rewrite","updates/week-09-faq-rewrite","Freshness and maintenance page"
"12","weekly update","is s9 game real week 10 internal link pass","updates/week-10-internal-link-pass","Freshness and maintenance page"
"13","weekly update","is s9 game real week 11 serp title test","updates/week-11-serp-title-test","Freshness and maintenance page"
"13","weekly update","is s9 game real week 12 risk wording check","updates/week-12-risk-wording-check","Freshness and maintenance page"
"sprint-2026-06-13","long-tail support","is s9 game real is s9 game real or fake? evidence checklist","blog/real-or-fake-evidence-check","trust review page 1"
"sprint-2026-06-13","long-tail support","is s9 game real payment proof red flags users should notice","blog/payment-proof-red-flags","risk review page 2"
"sprint-2026-06-13","long-tail support","is s9 game real safe claims vs risky claims in s9 pages","blog/safe-claims-vs-risky-claims","claim comparison page 3"
"register-login-2026-06-13","register-login cluster","is s9 game real s9 register real or fake: evidence checklist","blog/s9-register-real-or-fake-check","registration trust review"
"register-login-2026-06-13","register-login cluster","is s9 game real s9 login security claims audit","blog/login-security-claims-audit","security claim audit"
"register-login-2026-06-13","register-login cluster","is s9 game real multiple accounts block risk on s9 registration","blog/multiple-accounts-block-risk","account risk"
"account-wallet-support-2026-06-13","support cluster","support proof before trusting s9 claims","blog/support-proof-before-trusting-claims","trust and proof"
"account-wallet-support-2026-06-13","support cluster","s9 otp phishing risk checklist","blog/otp-phishing-risk-checklist","trust and proof"
"daily-2026-06-14","daily freshness","fake s9 support whatsapp and telegram check","blog/fake-support-whatsapp-telegram-check","support trust check"
"pillar-2026-06-14","pillar hub","s9 pakistan trust safety","trust-safety-hub","trust review authority"
"daily-2026-06-16","daily support page","how to identify copied s9 pages","blog/how-to-identify-copied-s9-pages","copied page trust check"
"serp-intent","SERP intent page","s9 game alternative","blog/s9-game-alternative-comparison-2026-06-17/","alternative"
"daily-2026-06-17","long-tail intent","s9 game alternative app checklist","blog/s9-game-alternative-app-checklist-2026-06-17","daily ranking support"
"daily-2026-06-17","long-tail intent","s9 game alternative decision checklist","blog/s9-game-alternative-comparison-2026-06-17","daily ranking support"
"daily-2026-06-18","long-tail intent","Is S9 Game Real in Pakistan?","blog/s9-game-alternative-comparison-2026-06-18/","intent"
"second-wave-longtail","Support intent page","is s9 game real or fake","blog/is-s9-game-real-or-fake-checklist/","trust review"
"daily-2026-06-19","long-tail intent","Is S9 Game Real in Pakistan?","blog/s9-game-alternative-comparison-2026-06-19/","intent"
"serp-intent","SERP intent page","s9 game alternative","blog/s9-game-alternative-comparison-2026-06-19/","alternative"
"serp-intent","SERP intent page","s9 game alternative","blog/s9-game-alternative-comparison-2026-06-20/","alternative"
"serp-intent","SERP intent page","s9 game alternative","blog/s9-game-alternative-comparison-2026-06-24/","alternative"
"serp-intent","SERP intent page","s9 game alternative","blog/s9-game-alternative-comparison-2026-06-26/","alternative"
"competitor-response","Competitor gap response","is s9 game real Pakistan","blog/trust-review-competitor-gap-2026-06-28/","trust-review"
"ranking-push","Competitor gap depth page","s9 official website check Pakistan","blog/s9-official-website-check-risk-2026-06-29/","official-check"
"ranking-push","Competitor gap depth page","s9 fake customer service number Pakistan","blog/s9-fake-customer-service-number-check-2026-06-30/","fake-support-check"
"ranking-push","Competitor gap depth page","s9 official website Pakistan check","blog/s9-official-website-pakistan-check-2026-07-01/","official-site-check"
"ranking-push","Competitor gap depth page","s9 privacy policy contact check Pakistan","blog/s9-privacy-policy-contact-check-2026-07-02/","privacy-contact-check"
"ranking-push","Competitor gap depth page","s9 privacy policy contact check Pakistan","blog/s9-privacy-policy-contact-check-2026-07-03/","privacy-contact-check"
"ranking-push","Competitor intent depth","s9 official website Pakistan","blog/s9-game-trust-checklist-2026-07-03/","s9-game-trust-checklist"
"ranking-push","Competitor intent depth","s9 official website Pakistan","blog/s9-official-trust-indexing-check-2026-07-04/","s9-game-trust-checklist"
"ranking-push","Competitor intent depth","s9 official website Pakistan","blog/s9-fake-website-safety-check-2026-07-05/","s9-game-trust-checklist"
"ranking-push","Competitor intent depth","s9 official website Pakistan","blog/s9-fake-website-safety-check-2026-07-07/","s9-game-trust-checklist"
"ranking-push","Competitor intent depth","s9 official website Pakistan","blog/s9-privacy-terms-support-trust-review-2026-07-09/","s9-game-trust-checklist"
"ranking-push","Competitor intent depth","s9 official website Pakistan","blog/s9-privacy-terms-support-trust-review-2026-07-10/","s9-game-trust-checklist"
"ranking-push","Competitor intent depth","s9 official website Pakistan","blog/s9-privacy-terms-support-trust-review-2026-07-11/","s9-game-trust-checklist"
"14","weekly update","is s9 game real and safe","updates/week-14-real-or-fake-review-method/","Freshness and troubleshooting alignment"

